Title,Media URL,Pinterest board,Thumbnail,Description,Link,Publish date,Keywords
"The Power of NAD+ & Cellular Energy",https://raw.githubusercontent.com/gupta-aayushkr/Pinterest-Gen/master/images/nad-and-cellular-energy-fueling-longevity.png,Health & Longevity,,"Discover how NAD+ fuels cellular energy and supports healthy aging. A visual guide to understanding mitochondrial function and longevity.",,2026-03-25T22:39:00,"nad plus, cellular energy, mitochondria, longevity, healthy aging"
"Seed Oils vs Healthy Fats: Inflammation Guide",https://raw.githubusercontent.com/gupta-aayushkr/Pinterest-Gen/master/images/seed-oils-vs-healthy-fats-inflammation-guide.png,Health & Longevity,,"A stark look at the difference between highly processed industrial seed oils and healthy, natural fats that reduce inflammation.",,2026-03-25T23:39:00,"seed oils, healthy fats, anti-inflammatory diet, nutrition, wellness"
"The 4 Types of Rest for Complete Recovery",https://raw.githubusercontent.com/gupta-aayushkr/Pinterest-Gen/master/images/the-four-types-of-rest-physical-mental.png,Health & Longevity,,"More than just sleep: understand the physical, mental, sensory, and emotional types of rest your body needs to thrive.",,2026-03-26T00:39:00,"types of rest, mental rest, burnout recovery, self care, wellness"
"Hormesis: The Biology of Beneficial Stress",https://raw.githubusercontent.com/gupta-aayushkr/Pinterest-Gen/master/images/hormesis-and-beneficial-stress-longevity-hacks.png,Health & Longevity,,"What doesn't kill you makes you younger. Learn how beneficial stressors like saunas and cold plunges boost your resilience.",,2026-03-26T01:39:00,"hormesis, beneficial stress, sauna benefits, cold plunge, biohacking"
"Mastering the Cortisol Awakening Response",https://raw.githubusercontent.com/gupta-aayushkr/Pinterest-Gen/master/images/cortisol-awakening-response-morning-routine.png,Health & Longevity,,"Optimize your morning routine by understanding your natural cortisol spikes and using morning sunlight to set your circadian rhythm.",,2026-03-26T02:39:00,"cortisol awakening response, morning routine, circadian rhythm, sunlight therapy, energy boost"
"Understanding the Endocannabinoid System",https://raw.githubusercontent.com/gupta-aayushkr/Pinterest-Gen/master/images/understanding-the-endocannabinoid-system-health.png,Health & Longevity,,"Explore the premium body map showing how your endocannabinoid system works and how to activate it for homeostasis.",,2026-03-26T03:39:00,"endocannabinoid system, homeostasis, holistic health, cbd, omega 3"
"Lymphatic System Drainage & Detoxification",https://raw.githubusercontent.com/gupta-aayushkr/Pinterest-Gen/master/images/lymphatic-system-drainage-and-detoxification.png,Health & Longevity,,"A visual guide to stimulating your lymphatic flow for natural detoxification through rebounding and dry brushing.",,2026-03-26T04:39:00,"lymphatic drainage, lymphatic system, natural detox, dry brushing, rebounding"
"Telomeres & Aging: Protecting Your DNA",https://raw.githubusercontent.com/gupta-aayushkr/Pinterest-Gen/master/images/telomeres-and-aging-protecting-your-dna.png,Health & Longevity,,"Learn how lifestyle choices like sleep and stress management can protect your telomeres and slow down cellular aging.",,2026-03-26T05:39:00,"telomeres, dna protection, anti aging, cellular repair, stress management"
"Metabolic Flexibility: The Ultimate Energy Switch",https://raw.githubusercontent.com/gupta-aayushkr/Pinterest-Gen/master/images/metabolic-flexibility-fat-burning-vs-glucose.png,Health & Longevity,,"A sleek guide showing how your body switches between burning sugar and ketones. Train your metabolism for sustained energy.",,2026-03-26T06:39:00,"metabolic flexibility, fat adaptation, ketosis, metabolism boost, energy production"
"Forest Bathing (Shinrin-Yoku) Benefits",https://raw.githubusercontent.com/gupta-aayushkr/Pinterest-Gen/master/images/forest-bathing-shinrin-yoku-benefits.png,Health & Longevity,,"Connect with nature. See how the Japanese practice of Shinrin-Yoku and phytoncides can lower stress and boost immunity.",,2026-03-26T07:39:00,"forest bathing, shinrin yoku, nature therapy, stress relief, mental health"
"Epigenetics & Lifestyle: Shaping Gene Expression",https://raw.githubusercontent.com/gupta-aayushkr/Pinterest-Gen/master/images/epigenetics-and-lifestyle-gene-expression.png,Health & Longevity,,"Your DNA isn't your destiny. Discover the molecular switches of life and how your behavior can turn on protective genes.",,2026-03-26T08:39:00,"epigenetics, gene expression, healthy lifestyle, holistic wellness, healthspan"
"The 80/20 Rule of Longevity",https://raw.githubusercontent.com/gupta-aayushkr/Pinterest-Gen/master/images/the-80-20-rule-of-longevity-pareto.png,Health & Longevity,,"Apply the Pareto Principle to your health span: 80% foundational habits versus 20% optimizations and biohacks.",,2026-03-26T09:39:00,"pareto principle, 80 20 rule, foundational health, biohacking guide, longevity habits"
"Improving Bone Mineral Density",https://raw.githubusercontent.com/gupta-aayushkr/Pinterest-Gen/master/images/improving-bone-mineral-density-impact-exercises.png,Health & Longevity,,"A guide outlining the impact exercises required to build a resilient skeleton and prevent age-related bone loss.",,2026-03-26T10:39:00,"bone mineral density, strong bones, impact exercise, osteoporosis prevention, physical health"
"Post-Meal Walks for Blood Sugar Control",https://raw.githubusercontent.com/gupta-aayushkr/Pinterest-Gen/master/images/post-meal-walks-blood-sugar-management-hack.png,Health & Longevity,,"See the incredible difference a simple 10-minute walk after eating makes for smoothing out your blood sugar spikes.",,2026-03-26T11:39:00,"blood sugar control, post meal walk, glycemic index, insulin sensitivity, daily movement"
"Neuroplasticity: Rewiring Your Brain",https://raw.githubusercontent.com/gupta-aayushkr/Pinterest-Gen/master/images/neuroplasticity-rewiring-your-brain-for-health.png,Health & Longevity,,"The brain's amazing ability to rewrite itself. See how learning, experience, and meditation build new neural pathways.",,2026-03-26T12:39:00,"neuroplasticity, brain health, cognitive function, neural pathways, continuous learning"
